"Item","QUANTITY","Reference","Value","MFG","MFG P/N","DIST","DIST P/N"
"1","2","H1,H2","MountingHole","","","",""
"2","1","J77","RSL","MOLEX","0705410036","Digikey","WM14049-ND"
"3","1","J84","RR_RSL","Sullins Connector Solutions","PPTC021LFBN-RC","Digikey","S7000-ND"
"4","1","J87","RR_MXP","Sullins Connector Solutions","SFH11-PBPC-D17-ST-BK","Digikey","S9199-ND"
"5","21","J15-J24,J49,J52-J56,J67-J69,J76,J85","RR_AIN0,RR_AIN1,RR_AIN2,RR_AIN3,RR_DIO0,RR_DIO1,RR_DIO2,RR_DIO3,RR_DIO4,RR_DIO5,RR_DIO6,RR_DIO7,RR_DIO8,RR_DIO9,RR_PWM0,RR_PWM1,RR_PWM2,RR_PWM9,RR_RELAY0,RR_RELAY3,RR_RS-232","Sullins Connector Solutions","PPTC031LFBN-RC","Digikey","S7001-ND"
"6","3","J31-J33","ENC_AD0,ENC_AD1,ENC_AD2","Molex","070541-0039","Mouser","538-70541-0039 "
"7","14","J5-J14,J57-J59,J78","DIO22,DIO23,DIO24,DIO25,DIO4,DIO5,DIO6,DIO7,DIO8,DIO9,PWM0,PWM1,PWM2,RS232","Molex","0705410037","Digikey","WM20415-ND"
